{"cameraMode":{"drawMode":0,"name":"Shaded","section":"Shading Mode"},"sceneLighting":true,"audioPlay":false,"sceneViewState":{"showFog":true,"showMaterialUpdate":false,"showSkybox":true,"showFlares":true,"showImageEffects":true,"showParticleSystems":true},"in2DMode":false,"pivot":{"x":-1.4600000381469727,"y":0.4099999666213989,"z":8.430000305175782},"rotation":{"x":0.09183001518249512,"y":-0.8991556763648987,"z":0.2280583381652832,"w":0.3620525002479553},"size":8.45529842376709,"orthographic":true}