{"cameraMode":{"drawMode":0,"name":"Shaded","section":"Shading Mode"},"sceneLighting":true,"audioPlay":false,"sceneViewState":{"showFog":true,"showMaterialUpdate":false,"showSkybox":true,"showFlares":true,"showImageEffects":true,"showParticleSystems":true},"in2DMode":false,"pivot":{"x":-1.3949365615844727,"y":0.43836474418640139,"z":8.625388145446778},"rotation":{"x":0.1831625998020172,"y":0.602400541305542,"z":-0.14454980194568635,"w":0.7633370757102966},"size":3.953338623046875,"orthographic":true}